Site 1,Site 2,P [Site 1 -> Site 2],P [Site 2 -> Site 1],P [Site 1 <-> Site 2],Site 1 subs,Site 2 subs,Shared subs,HumanREM2_Site_1,HumanREM2_Site_2
70.0,562.0,0.2171654275334375,0.710289062427597,0.9274544899610345,6.0,27.0,5.0,37.0,
79.0,102.0,0.8534406925392881,0.09166782465737507,0.9451085171966632,6.0,5.0,3.0,45.0,66.0
80.0,166.0,0.5679324926527365,0.3364297026120744,0.9043621952648109,17.0,5.0,4.0,46.0,130.0
81.0,116.0,0.9193034344150068,0.06109708095392392,0.9804005153689308,19.0,14.0,7.0,47.0,80.0
81.0,164.0,0.1942080077687442,0.7581985365526644,0.9524065443214087,19.0,7.0,5.0,47.0,128.0
297.0,310.0,0.4674416890962671,0.4602883870535605,0.9277300761498275,2.0,3.0,2.0,,177.0
331.0,554.0,0.4652878932583978,0.4435670523293105,0.9088549455877083,3.0,15.0,3.0,198.0,
359.0,603.0,0.21928798162853,0.730587183507387,0.9498751651359171,13.0,6.0,4.0,,
